model,metric-value,number-of-alt-considered,metric-value-percent,best-alt-not-explainable
model106.csv,16,20,80.0,"['235', '125', '25', '15']"
model187.csv,17,21,81.0,"['235', '134', '125', '34']"
model26.csv,17,22,77.3,"['234', '134', '125', '34', '24']"
model507.csv,20,27,74.1,"['235', '135', '134', '45', '34', '15', '23']"
model289.csv,18,24,75.0,"['234', '125', '124', '25', '34', '24']"
model67.csv,16,18,88.9,"['145', '15']"
model390.csv,21,24,87.5,"['135', '134', '15']"
model394.csv,20,24,83.3,"['234', '134', '24', '23']"
model97.csv,21,24,87.5,"['135', '34', '15']"
model306.csv,17,22,77.3,"['145', '234', '25', '34', '24']"
model391.csv,19,24,79.2,"['145', '234', '25', '24', '15']"
model216.csv,18,25,72.0,"['235', '145', '234', '34', '24', '15', '23']"
model71.csv,16,20,80.0,"['145', '125', '25', '15']"
model33.csv,17,18,94.4,['15']
model239.csv,20,21,95.2,['134']
model294.csv,16,18,88.9,"['145', '15']"
model2.csv,17,17,100.0,[]
model426.csv,18,20,90.0,"['145', '15']"
model109.csv,17,20,85.0,"['235', '134', '34']"
model440.csv,17,19,89.5,"['235', '15']"
model300.csv,19,21,90.5,"['145', '25']"
model69.csv,17,19,89.5,"['145', '15']"
model149.csv,17,19,89.5,"['145', '15']"
model348.csv,18,25,72.0,"['235', '145', '125', '124', '25', '15', '23']"
model50.csv,17,22,77.3,"['135', '125', '134', '25', '15']"
model463.csv,20,25,80.0,"['235', '125', '35', '15', '23']"
model180.csv,17,20,85.0,"['235', '134', '34']"
model415.csv,20,26,76.9,"['145', '234', '35', '24', '15', '14']"
model47.csv,19,21,90.5,"['134', '34']"
model14.csv,17,21,81.0,"['125', '134', '25', '15']"
model173.csv,16,18,88.9,"['235', '234']"
model197.csv,19,23,82.6,"['235', '134', '125', '34']"
model486.csv,16,26,61.5,"['235', '145', '234', '125', '124', '25', '34', '24', '15', '23']"
model262.csv,19,20,95.0,['15']
model314.csv,20,24,83.3,"['125', '35', '25', '15']"
model287.csv,19,24,79.2,"['135', '134', '124', '34', '15']"
model39.csv,16,20,80.0,"['234', '125', '25', '34']"
model329.csv,18,20,90.0,"['235', '234']"
model153.csv,14,20,70.0,"['145', '234', '125', '134', '25', '34']"
model469.csv,20,25,80.0,"['234', '35', '34', '24', '23']"
model101.csv,15,16,93.8,['235']
model81.csv,18,21,85.7,"['145', '134', '34']"
model328.csv,17,19,89.5,"['235', '234']"
model302.csv,18,22,81.8,"['145', '125', '25', '15']"
model368.csv,19,23,82.6,"['145', '234', '134', '34']"
model455.csv,18,24,75.0,"['145', '234', '134', '34', '24', '15']"
model356.csv,16,17,94.1,['145']
model339.csv,21,24,87.5,"['145', '25', '15']"
model392.csv,19,24,79.2,"['145', '234', '134', '24', '15']"
model470.csv,20,25,80.0,"['234', '124', '34', '24', '23']"
model159.csv,18,21,85.7,"['145', '134', '34']"
model313.csv,18,23,78.3,"['145', '234', '134', '34', '24']"
model140.csv,21,25,84.0,"['145', '34', '15', '14']"
model29.csv,20,23,87.0,"['234', '34', '24']"
model433.csv,21,23,91.3,"['145', '134']"
model245.csv,18,22,81.8,"['234', '134', '34', '24']"
model430.csv,20,22,90.9,"['145', '25']"
model141.csv,21,25,84.0,"['145', '125', '15', '14']"
model206.csv,19,24,79.2,"['234', '125', '25', '24', '23']"
model243.csv,17,22,77.3,"['135', '234', '134', '34', '15']"
model105.csv,17,19,89.5,"['235', '234']"
model435.csv,23,24,95.8,['124']
model478.csv,18,26,69.2,"['145', '234', '134', '124', '34', '24', '15', '14']"
model19.csv,18,22,81.8,"['135', '125', '25', '15']"
model253.csv,17,23,73.9,"['234', '125', '124', '25', '34', '24']"
model130.csv,18,23,78.3,"['235', '234', '134', '34', '24']"
model466.csv,18,25,72.0,"['235', '135', '234', '124', '34', '15', '23']"
model271.csv,18,22,81.8,"['234', '134', '34', '24']"
model386.csv,19,23,82.6,"['235', '125', '134', '15']"
model464.csv,20,25,80.0,"['235', '125', '124', '15', '23']"
model103.csv,16,18,88.9,"['235', '15']"
model361.csv,18,20,90.0,"['145', '234']"
model349.csv,18,25,72.0,"['235', '145', '134', '35', '34', '15', '23']"
model258.csv,17,18,94.4,['15']
model61.csv,21,24,87.5,"['135', '34', '15']"
model23.csv,18,22,81.8,"['234', '125', '25', '24']"
model409.csv,19,25,76.0,"['234', '125', '35', '25', '24', '23']"
model52.csv,17,22,77.3,"['135', '134', '125', '34', '15']"
model79.csv,16,21,76.2,"['145', '234', '125', '25', '34']"
model424.csv,16,18,88.9,"['145', '15']"
model188.csv,18,22,81.8,"['235', '125', '25', '15']"
model210.csv,20,25,80.0,"['145', '135', '34', '15', '14']"
model265.csv,20,21,95.2,['134']
model25.csv,18,22,81.8,"['234', '134', '34', '24']"
model178.csv,15,20,75.0,"['235', '234', '125', '25', '34']"
model494.csv,21,27,77.8,"['145', '125', '123', '25', '15', '14']"
model449.csv,21,23,91.3,"['235', '134']"
model215.csv,20,25,80.0,"['235', '135', '125', '15', '23']"
model83.csv,17,22,77.3,"['145', '135', '125', '25', '15']"
model341.csv,21,24,87.5,"['234', '25', '23']"
model379.csv,17,19,89.5,"['235', '15']"
model445.csv,19,21,90.5,"['235', '234']"
model31.csv,16,16,100.0,[]
model144.csv,22,25,88.0,"['234', '34', '23']"
model38.csv,16,20,80.0,"['125', '134', '25', '15']"
model320.csv,18,24,75.0,"['234', '125', '35', '25', '34', '24']"
model24.csv,17,22,77.3,"['234', '125', '134', '25', '24']"
model233.csv,17,18,94.4,['234']
model295.csv,16,18,88.9,"['145', '234']"
model299.csv,18,20,90.0,"['145', '234']"
model284.csv,17,24,70.8,"['135', '234', '125', '35', '25', '34', '15']"
model421.csv,22,26,84.6,"['234', '124', '24', '23']"
model198.csv,20,24,83.3,"['135', '125', '25', '15']"
model235.csv,18,19,94.7,['234']
model278.csv,17,23,73.9,"['234', '125', '35', '25', '34', '24']"
model244.csv,18,22,81.8,"['234', '25', '34', '24']"
model315.csv,20,24,83.3,"['125', '124', '25', '15']"
model227.csv,19,26,73.1,"['235', '145', '234', '125', '24', '15', '23']"
model124.csv,18,23,78.3,"['235', '135', '125', '25', '15']"
model35.csv,18,19,94.7,['15']
model371.csv,19,24,79.2,"['234', '125', '35', '25', '34']"
model327.csv,16,18,88.9,"['235', '234']"
model222.csv,20,26,76.9,"['145', '234', '34', '24', '15', '14']"
model43.csv,18,21,85.7,"['125', '25', '15']"
model292.csv,15,16,93.8,['145']
model510.csv,17,27,63.0,"['235', '145', '234', '125', '123', '25', '34', '24', '15', '23']"
model220.csv,21,26,80.8,"['145', '135', '34', '15', '14']"
model462.csv,18,25,72.0,"['145', '234', '124', '34', '24', '15', '14']"
model148.csv,16,18,88.9,"['145', '15']"
model515.csv,21,27,77.8,"['234', '134', '45', '34', '24', '23']"
model423.csv,16,17,94.1,['145']
model147.csv,16,17,94.1,['145']
model461.csv,18,25,72.0,"['145', '135', '234', '124', '34', '15', '14']"
model476.csv,19,26,73.1,"['145', '135', '134', '124', '34', '15', '14']"
model442.csv,18,20,90.0,"['235', '15']"
model321.csv,18,24,75.0,"['234', '125', '124', '25', '34', '24']"
model160.csv,17,21,81.0,"['145', '134', '125', '34']"
model254.csv,18,23,78.3,"['234', '134', '35', '34', '24']"
model479.csv,20,26,76.9,"['235', '125', '35', '25', '15', '23']"
model355.csv,15,16,93.8,['145']
model7.csv,17,20,85.0,"['125', '25', '15']"
model411.csv,19,25,76.0,"['234', '134', '35', '34', '24', '23']"
model344.csv,19,25,76.0,"['145', '125', '124', '25', '15', '14']"
model337.csv,18,23,78.3,"['235', '234', '25', '34', '24']"
model308.csv,19,23,82.6,"['145', '125', '25', '15']"
model467.csv,17,25,68.0,"['235', '145', '234', '35', '34', '24', '15', '23']"
model94.csv,17,23,73.9,"['145', '234', '125', '134', '25', '24']"
model62.csv,21,24,87.5,"['135', '125', '15']"
model13.csv,18,21,85.7,"['125', '25', '15']"
model403.csv,18,25,72.0,"['235', '135', '125', '35', '25', '15', '23']"
model164.csv,18,22,81.8,"['145', '134', '125', '34']"
model481.csv,17,26,65.4,"['235', '135', '234', '125', '35', '25', '34', '15', '23']"
model274.csv,16,23,69.6,"['135', '234', '125', '35', '25', '34', '15']"
model325.csv,16,17,94.1,['235']
model310.csv,17,23,73.9,"['145', '135', '234', '25', '34', '15']"
model219.csv,21,25,84.0,"['234', '125', '24', '23']"
model110.csv,16,20,80.0,"['235', '134', '125', '34']"
model229.csv,22,26,84.6,"['234', '125', '24', '23']"
model305.csv,16,22,72.7,"['145', '135', '234', '134', '34', '15']"
model273.csv,19,23,82.6,"['125', '124', '25', '15']"
model248.csv,16,23,69.6,"['135', '234', '125', '35', '25', '34', '15']"
model6.csv,18,19,94.7,['234']
model446.csv,20,22,90.9,"['235', '25']"
model185.csv,15,21,71.4,"['235', '234', '125', '134', '25', '34']"
model212.csv,19,25,76.0,"['145', '234', '34', '24', '15', '14']"
model145.csv,22,25,88.0,"['234', '125', '23']"
model45.csv,17,21,81.0,"['234', '125', '25', '34']"
model4.csv,17,18,94.4,['234']
model281.csv,18,23,78.3,"['234', '134', '124', '34', '24']"
model400.csv,17,25,68.0,"['145', '234', '125', '124', '25', '24', '15', '14']"
model138.csv,20,24,83.3,"['234', '134', '34', '23']"
model334.csv,19,23,82.6,"['235', '125', '25', '15']"
model405.csv,16,25,64.0,"['235', '145', '234', '125', '35', '25', '24', '15', '23']"
model412.csv,19,25,76.0,"['234', '134', '124', '34', '24', '23']"
model437.csv,16,17,94.1,['235']
model376.csv,16,17,94.1,['235']
model252.csv,17,23,73.9,"['234', '125', '35', '25', '34', '24']"
model452.csv,19,24,79.2,"['135', '234', '25', '34', '15']"
model352.csv,20,25,80.0,"['234', '125', '124', '25', '23']"
model136.csv,20,24,83.3,"['234', '125', '25', '23']"
model10.csv,15,20,75.0,"['234', '125', '134', '25', '34']"
model279.csv,17,23,73.9,"['234', '125', '124', '25', '34', '24']"
model465.csv,18,25,72.0,"['235', '135', '234', '35', '34', '15', '23']"
model358.csv,17,19,89.5,"['145', '15']"
model458.csv,20,25,80.0,"['145', '125', '35', '15', '14']"
model484.csv,19,26,73.1,"['235', '135', '134', '124', '34', '15', '23']"
model92.csv,18,23,78.3,"['145', '135', '134', '34', '15']"
model230.csv,16,16,100.0,[]
model509.csv,17,27,63.0,"['235', '145', '234', '125', '45', '25', '34', '24', '15', '23']"
model98.csv,21,24,87.5,"['135', '125', '15']"
model324.csv,15,16,93.8,['235']
model362.csv,19,21,90.5,"['145', '25']"
model293.csv,16,17,94.1,['145']
model502.csv,19,27,70.4,"['145', '234', '134', '123', '34', '24', '15', '14']"
model56.csv,17,22,77.3,"['234', '134', '125', '34', '24']"
model406.csv,16,25,64.0,"['235', '145', '234', '125', '124', '25', '24', '15', '23']"
model266.csv,19,22,86.4,"['125', '25', '15']"
model290.csv,19,24,79.2,"['234', '134', '35', '34', '24']"
model457.csv,19,24,79.2,"['234', '134', '34', '24', '23']"
model74.csv,14,20,70.0,"['145', '234', '125', '134', '25', '34']"
model129.csv,17,23,73.9,"['235', '234', '125', '134', '25', '24']"
model54.csv,17,22,77.3,"['234', '125', '134', '25', '24']"
model117.csv,16,22,72.7,"['235', '135', '125', '134', '25', '15']"
model472.csv,20,26,76.9,"['145', '125', '124', '25', '15', '14']"
model389.csv,21,24,87.5,"['135', '25', '15']"
model413.csv,21,26,80.8,"['145', '135', '35', '15', '14']"
model259.csv,17,18,94.4,['234']
model223.csv,20,26,76.9,"['145', '234', '125', '24', '15', '14']"
model139.csv,19,24,79.2,"['234', '134', '125', '34', '23']"
model416.csv,20,26,76.9,"['145', '234', '124', '24', '15', '14']"
model157.csv,16,21,76.2,"['145', '125', '134', '25', '15']"
model8.csv,16,20,80.0,"['125', '134', '25', '15']"
model451.csv,21,24,87.5,"['125', '134', '15']"
model495.csv,18,27,66.7,"['145', '135', '234', '125', '45', '25', '34', '15', '14']"
model322.csv,19,24,79.2,"['234', '134', '35', '34', '24']"
model497.csv,20,27,74.1,"['145', '135', '134', '45', '34', '15', '14']"
model217.csv,18,25,72.0,"['235', '145', '234', '125', '24', '15', '23']"
model489.csv,19,26,73.1,"['234', '125', '35', '25', '34', '24', '23']"
model395.csv,18,25,72.0,"['145', '135', '125', '35', '25', '15', '14']"
model288.csv,18,24,75.0,"['234', '125', '35', '25', '34', '24']"
model27.csv,20,23,87.0,"['135', '34', '15']"
model96.csv,17,23,73.9,"['145', '234', '134', '125', '34', '24']"
model112.csv,16,21,76.2,"['235', '234', '125', '25', '34']"
model343.csv,19,25,76.0,"['145', '125', '35', '25', '15', '14']"
model429.csv,19,21,90.5,"['145', '234']"
model238.csv,20,21,95.2,['25']
model242.csv,17,22,77.3,"['135', '234', '25', '34', '15']"
model332.csv,16,22,72.7,"['235', '135', '234', '25', '34', '15']"
model340.csv,21,24,87.5,"['145', '134', '15']"
model146.csv,15,16,93.8,['145']
model354.csv,20,25,80.0,"['234', '134', '124', '34', '23']"
model107.csv,15,20,75.0,"['235', '234', '125', '25', '34']"
model199.csv,19,24,79.2,"['135', '125', '134', '25', '15']"
model408.csv,16,25,64.0,"['235', '145', '234', '134', '124', '34', '24', '15', '23']"
model241.csv,19,22,86.4,"['125', '134', '15']"
model111.csv,17,21,81.0,"['235', '125', '25', '15']"
model93.csv,17,23,73.9,"['145', '135', '134', '125', '34', '15']"
model439.csv,16,18,88.9,"['235', '234']"
model380.csv,17,19,89.5,"['235', '234']"
model17.csv,19,21,90.5,"['134', '34']"
model40.csv,15,20,75.0,"['234', '125', '134', '25', '34']"
model9.csv,16,20,80.0,"['234', '125', '25', '34']"
model364.csv,20,22,90.9,"['145', '25']"
model475.csv,19,26,73.1,"['145', '135', '134', '35', '34', '15', '14']"
model155.csv,16,20,80.0,"['145', '134', '125', '34']"
model66.csv,16,17,94.1,['145']
model419.csv,19,26,73.1,"['235', '145', '234', '124', '24', '15', '23']"
model330.csv,19,21,90.5,"['235', '25']"
model177.csv,15,20,75.0,"['235', '125', '134', '25', '15']"
model1.csv,16,16,100.0,[]
model251.csv,18,23,78.3,"['135', '134', '124', '34', '15']"
model501.csv,19,27,70.4,"['145', '234', '134', '45', '34', '24', '15', '14']"
model41.csv,18,20,90.0,"['134', '34']"
model432.csv,21,23,91.3,"['145', '25']"
model399.csv,17,25,68.0,"['145', '234', '125', '35', '25', '24', '15', '14']"
model365.csv,20,22,90.9,"['145', '134']"
model68.csv,16,18,88.9,"['145', '234']"
model80.csv,15,21,71.4,"['145', '234', '125', '134', '25', '34']"
model28.csv,20,23,87.0,"['135', '125', '15']"
model240.csv,19,22,86.4,"['125', '25', '15']"
model143.csv,20,25,80.0,"['235', '145', '125', '15', '23']"
model468.csv,17,25,68.0,"['235', '145', '234', '124', '34', '24', '15', '23']"
model338.csv,18,23,78.3,"['235', '234', '134', '34', '24']"
model170.csv,15,16,93.8,['235']
model342.csv,21,24,87.5,"['234', '134', '23']"
model72.csv,15,20,75.0,"['145', '125', '134', '25', '15']"
model200.csv,20,24,83.3,"['135', '134', '34', '15']"
model436.csv,15,16,93.8,['235']
model272.csv,19,23,82.6,"['125', '35', '25', '15']"
model456.csv,19,24,79.2,"['234', '25', '34', '24', '23']"
model64.csv,21,24,87.5,"['234', '125', '24']"
model86.csv,16,22,72.7,"['145', '135', '134', '125', '34', '15']"
model158.csv,15,21,71.4,"['145', '234', '125', '134', '25', '34']"
model142.csv,20,25,80.0,"['235', '145', '34', '15', '23']"
model176.csv,16,20,80.0,"['235', '125', '25', '15']"
model102.csv,16,17,94.1,['235']
model218.csv,21,25,84.0,"['234', '34', '24', '23']"
model161.csv,17,22,77.3,"['145', '125', '134', '25', '15']"
model301.csv,19,21,90.5,"['145', '134']"
model428.csv,19,21,90.5,"['145', '15']"
model303.csv,18,22,81.8,"['145', '125', '134', '15']"
model280.csv,18,23,78.3,"['234', '134', '35', '34', '24']"
model425.csv,17,19,89.5,"['145', '15']"
model122.csv,17,22,77.3,"['235', '234', '134', '34', '24']"
model182.csv,17,21,81.0,"['235', '125', '25', '15']"
model5.csv,18,19,94.7,['15']
model236.csv,19,20,95.0,['15']
model77.csv,17,21,81.0,"['145', '125', '25', '15']"
model192.csv,19,22,86.4,"['235', '134', '34']"
model133.csv,19,24,79.2,"['145', '125', '134', '25', '15']"
model347.csv,18,25,72.0,"['235', '145', '125', '35', '25', '15', '23']"
model285.csv,17,24,70.8,"['135', '234', '125', '124', '25', '34', '15']"
model505.csv,18,27,66.7,"['235', '135', '234', '125', '45', '25', '34', '15', '23']"
model53.csv,18,22,81.8,"['234', '125', '25', '24']"
model42.csv,17,20,85.0,"['134', '125', '34']"
model48.csv,18,21,85.7,"['134', '125', '34']"
model438.csv,16,18,88.9,"['235', '15']"
model156.csv,17,21,81.0,"['145', '125', '25', '15']"
model513.csv,20,27,74.1,"['234', '125', '45', '25', '34', '24', '23']"
model490.csv,19,26,73.1,"['234', '125', '124', '25', '34', '24', '23']"
model309.csv,19,23,82.6,"['145', '125', '134', '15']"
model418.csv,19,26,73.1,"['235', '145', '234', '35', '24', '15', '23']"
model260.csv,18,19,94.7,['15']
model275.csv,16,23,69.6,"['135', '234', '125', '124', '25', '34', '15']"
model318.csv,19,24,79.2,"['135', '134', '35', '34', '15']"
model201.csv,19,24,79.2,"['135', '134', '125', '34', '15']"
model333.csv,17,22,77.3,"['235', '234', '25', '34', '24']"
model128.csv,18,23,78.3,"['235', '234', '125', '25', '24']"
model282.csv,20,24,83.3,"['125', '35', '25', '15']"
model75.csv,17,20,85.0,"['145', '134', '34']"
model137.csv,19,24,79.2,"['234', '125', '134', '25', '23']"
model234.csv,18,19,94.7,['15']
model132.csv,20,24,83.3,"['145', '125', '25', '15']"
model116.csv,17,22,77.3,"['235', '135', '125', '25', '15']"
model473.csv,17,26,65.4,"['145', '135', '234', '125', '35', '25', '34', '15', '14']"
model150.csv,17,19,89.5,"['145', '234']"
model485.csv,16,26,61.5,"['235', '145', '234', '125', '35', '25', '34', '24', '15', '23']"
model276.csv,18,23,78.3,"['135', '134', '35', '34', '15']"
model11.csv,18,20,90.0,"['134', '34']"
model202.csv,18,24,75.0,"['145', '234', '125', '25', '24', '15']"
model434.csv,23,24,95.8,['35']
model312.csv,18,23,78.3,"['145', '234', '25', '34', '24']"
model186.csv,18,21,85.7,"['235', '134', '34']"
model183.csv,16,21,76.2,"['235', '125', '134', '25', '15']"
model196.csv,20,23,87.0,"['235', '134', '34']"
model448.csv,21,23,91.3,"['235', '25']"
model512.csv,18,27,66.7,"['235', '145', '234', '134', '123', '34', '24', '15', '23']"
model263.csv,19,20,95.0,['234']
model59.csv,20,23,87.0,"['234', '34', '24']"
model357.csv,16,18,88.9,"['145', '15']"
model91.csv,17,23,73.9,"['145', '135', '125', '134', '25', '15']"
model57.csv,20,23,87.0,"['135', '34', '15']"
model316.csv,17,24,70.8,"['135', '234', '125', '35', '25', '34', '15']"
model250.csv,18,23,78.3,"['135', '134', '35', '34', '15']"
model115.csv,17,21,81.0,"['235', '134', '125', '34']"
model95.csv,18,23,78.3,"['145', '234', '134', '34', '24']"
model500.csv,18,27,66.7,"['145', '234', '125', '123', '25', '34', '24', '15', '14']"
model283.csv,20,24,83.3,"['125', '124', '25', '15']"
model267.csv,19,22,86.4,"['125', '134', '15']"
model123.csv,16,22,72.7,"['235', '234', '134', '125', '34', '24']"
model114.csv,18,21,85.7,"['235', '134', '34']"
model194.csv,20,23,87.0,"['235', '125', '25']"
model374.csv,21,24,87.5,"['134', '124', '34']"
model203.csv,17,24,70.8,"['145', '234', '125', '134', '25', '24', '15']"
model488.csv,17,26,65.4,"['235', '145', '234', '134', '124', '34', '24', '15', '23']"
model366.csv,19,23,82.6,"['145', '125', '25', '15']"
model277.csv,18,23,78.3,"['135', '134', '124', '34', '15']"
model135.csv,19,24,79.2,"['145', '134', '125', '34', '15']"
model256.csv,16,16,100.0,[]
model12.csv,17,20,85.0,"['134', '125', '34']"
model214.csv,20,25,80.0,"['235', '135', '34', '15', '23']"
model407.csv,16,25,64.0,"['235', '145', '234', '134', '35', '34', '24', '15', '23']"
model375.csv,15,16,93.8,['235']
model402.csv,17,25,68.0,"['145', '234', '134', '124', '34', '24', '15', '14']"
model493.csv,21,27,77.8,"['145', '125', '45', '25', '15', '14']"
model104.csv,16,18,88.9,"['235', '234']"
model304.csv,16,22,72.7,"['145', '135', '234', '25', '34', '15']"
model127.csv,17,23,73.9,"['235', '135', '134', '125', '34', '15']"
model345.csv,19,25,76.0,"['145', '134', '35', '34', '15', '14']"
model163.csv,19,22,86.4,"['145', '134', '34']"
model152.csv,15,20,75.0,"['145', '125', '134', '25', '15']"
model297.csv,17,19,89.5,"['145', '234']"
model190.csv,17,22,77.3,"['235', '234', '125', '25', '34']"
model503.csv,21,27,77.8,"['235', '125', '45', '25', '15', '23']"
model482.csv,17,26,65.4,"['235', '135', '234', '125', '124', '25', '34', '15', '23']"
model335.csv,17,23,73.9,"['235', '135', '234', '25', '34', '15']"
model60.csv,20,23,87.0,"['234', '125', '24']"
model89.csv,17,22,77.3,"['145', '234', '134', '34', '24']"
model181.csv,16,20,80.0,"['235', '134', '125', '34']"
model88.csv,16,22,72.7,"['145', '234', '125', '134', '25', '24']"
model460.csv,18,25,72.0,"['145', '135', '234', '35', '34', '15', '14']"
model384.csv,20,22,90.9,"['235', '134']"
model261.csv,18,19,94.7,['234']
model370.csv,20,24,83.3,"['125', '124', '25', '15']"
model491.csv,20,26,76.9,"['234', '134', '35', '34', '24', '23']"
model171.csv,16,17,94.1,['235']
model237.csv,19,20,95.0,['234']
model32.csv,17,17,100.0,[]
model477.csv,17,26,65.4,"['145', '234', '125', '124', '25', '34', '24', '15', '14']"
model506.csv,18,27,66.7,"['235', '135', '234', '125', '123', '25', '34', '15', '23']"
model151.csv,16,20,80.0,"['145', '125', '25', '15']"
model270.csv,18,22,81.8,"['234', '25', '34', '24']"
model508.csv,20,27,74.1,"['235', '135', '134', '123', '34', '15', '23']"
model221.csv,21,26,80.8,"['145', '135', '125', '15', '14']"
model388.csv,19,23,82.6,"['235', '234', '134', '34']"
model51.csv,18,22,81.8,"['135', '134', '34', '15']"
model207.csv,18,24,75.0,"['234', '125', '134', '25', '24', '23']"
model381.csv,18,20,90.0,"['235', '234']"
model286.csv,19,24,79.2,"['135', '134', '35', '34', '15']"
model255.csv,18,23,78.3,"['234', '134', '124', '34', '24']"
model447.csv,20,22,90.9,"['235', '134']"
model420.csv,22,26,84.6,"['234', '35', '24', '23']"
model453.csv,19,24,79.2,"['135', '234', '134', '34', '15']"
model454.csv,18,24,75.0,"['145', '234', '25', '34', '24', '15']"
model34.csv,17,18,94.4,['234']
model184.csv,16,21,76.2,"['235', '234', '125', '25', '34']"
model450.csv,21,24,87.5,"['125', '25', '15']"
model353.csv,20,25,80.0,"['234', '134', '35', '34', '23']"
model100.csv,21,24,87.5,"['234', '125', '24']"
model249.csv,16,23,69.6,"['135', '234', '125', '124', '25', '34', '15']"
model369.csv,20,24,83.3,"['125', '35', '25', '15']"
model118.csv,17,22,77.3,"['235', '135', '134', '34', '15']"
model396.csv,18,25,72.0,"['145', '135', '125', '124', '25', '15', '14']"
model373.csv,21,24,87.5,"['134', '35', '34']"
model191.csv,16,22,72.7,"['235', '234', '125', '134', '25', '34']"
model90.csv,16,22,72.7,"['145', '234', '134', '125', '34', '24']"
model121.csv,16,22,72.7,"['235', '234', '125', '134', '25', '24']"
model37.csv,17,20,85.0,"['125', '25', '15']"
model44.csv,17,21,81.0,"['125', '134', '25', '15']"
model224.csv,21,26,80.8,"['235', '135', '34', '15', '23']"
model172.csv,16,18,88.9,"['235', '15']"
model363.csv,19,21,90.5,"['145', '134']"
model76.csv,16,20,80.0,"['145', '134', '125', '34']"
model323.csv,19,24,79.2,"['234', '134', '124', '34', '24']"
model232.csv,17,18,94.4,['15']
model359.csv,17,19,89.5,"['145', '234']"
model480.csv,20,26,76.9,"['235', '125', '124', '25', '15', '23']"
model471.csv,20,26,76.9,"['145', '125', '35', '25', '15', '14']"
model82.csv,17,21,81.0,"['145', '134', '125', '34']"
model166.csv,20,23,87.0,"['145', '134', '34']"
model179.csv,14,20,70.0,"['235', '234', '125', '134', '25', '34']"
model474.csv,17,26,65.4,"['145', '135', '234', '125', '124', '25', '34', '15', '14']"
model65.csv,15,16,93.8,['145']
model336.csv,17,23,73.9,"['235', '135', '234', '134', '34', '15']"
model87.csv,17,22,77.3,"['145', '234', '125', '25', '24']"
model499.csv,18,27,66.7,"['145', '234', '125', '45', '25', '34', '24', '15', '14']"
model154.csv,17,20,85.0,"['145', '134', '34']"
model378.csv,16,18,88.9,"['235', '234']"
model46.csv,16,21,76.2,"['234', '125', '134', '25', '34']"
model134.csv,20,24,83.3,"['145', '134', '34', '15']"
model268.csv,17,22,77.3,"['135', '234', '25', '34', '15']"
model20.csv,17,22,77.3,"['135', '125', '134', '25', '15']"
model84.csv,16,22,72.7,"['145', '135', '125', '134', '25', '15']"
model487.csv,17,26,65.4,"['235', '145', '234', '134', '35', '34', '24', '15', '23']"
model414.csv,21,26,80.8,"['145', '135', '124', '15', '14']"
model387.csv,19,23,82.6,"['235', '234', '25', '34']"
model311.csv,17,23,73.9,"['145', '135', '234', '134', '34', '15']"
model496.csv,18,27,66.7,"['145', '135', '234', '125', '123', '25', '34', '15', '14']"
model444.csv,19,21,90.5,"['235', '15']"
model58.csv,20,23,87.0,"['135', '125', '15']"
model55.csv,18,22,81.8,"['234', '134', '34', '24']"
model246.csv,19,23,82.6,"['125', '35', '25', '15']"
model120.csv,17,22,77.3,"['235', '234', '125', '25', '24']"
model298.csv,18,20,90.0,"['145', '15']"
model21.csv,18,22,81.8,"['135', '134', '34', '15']"
model228.csv,22,26,84.6,"['234', '34', '24', '23']"
model126.csv,18,23,78.3,"['235', '135', '134', '34', '15']"
model231.csv,17,17,100.0,[]
model18.csv,18,21,85.7,"['134', '125', '34']"
model125.csv,17,23,73.9,"['235', '135', '125', '134', '25', '15']"
model131.csv,17,23,73.9,"['235', '234', '134', '125', '34', '24']"
model30.csv,20,23,87.0,"['234', '125', '24']"
model73.csv,15,20,75.0,"['145', '234', '125', '25', '34']"
model208.csv,19,24,79.2,"['234', '134', '34', '24', '23']"
model393.csv,20,24,83.3,"['234', '25', '24', '23']"
model410.csv,19,25,76.0,"['234', '125', '124', '25', '24', '23']"
model398.csv,18,25,72.0,"['145', '135', '134', '124', '34', '15', '14']"
model16.csv,16,21,76.2,"['234', '125', '134', '25', '34']"
model296.csv,17,19,89.5,"['145', '15']"
model492.csv,20,26,76.9,"['234', '134', '124', '34', '24', '23']"
model3.csv,17,18,94.4,['15']
model351.csv,20,25,80.0,"['234', '125', '35', '25', '23']"
model397.csv,18,25,72.0,"['145', '135', '134', '35', '34', '15', '14']"
model346.csv,19,25,76.0,"['145', '134', '124', '34', '15', '14']"
model36.csv,18,19,94.7,['234']
model22.csv,17,22,77.3,"['135', '134', '125', '34', '15']"
model427.csv,18,20,90.0,"['145', '234']"
model264.csv,20,21,95.2,['25']
model213.csv,19,25,76.0,"['145', '234', '125', '24', '15', '14']"
model175.csv,17,19,89.5,"['235', '234']"
model78.csv,16,21,76.2,"['145', '125', '134', '25', '15']"
model504.csv,21,27,77.8,"['235', '125', '123', '25', '15', '23']"
model319.csv,19,24,79.2,"['135', '134', '124', '34', '15']"
model257.csv,17,17,100.0,[]
model307.csv,17,22,77.3,"['145', '234', '134', '34', '24']"
model63.csv,21,24,87.5,"['234', '34', '24']"
model382.csv,19,21,90.5,"['235', '25']"
model331.csv,18,22,81.8,"['235', '125', '25', '15']"
model377.csv,16,18,88.9,"['235', '15']"
model514.csv,20,27,74.1,"['234', '125', '123', '25', '34', '24', '23']"
model195.csv,19,23,82.6,"['235', '125', '134', '25']"
model85.csv,17,22,77.3,"['145', '135', '134', '34', '15']"
model404.csv,18,25,72.0,"['235', '135', '134', '35', '34', '15', '23']"
model205.csv,17,24,70.8,"['145', '234', '134', '125', '34', '24', '15']"
model193.csv,18,22,81.8,"['235', '134', '125', '34']"
model269.csv,17,22,77.3,"['135', '234', '134', '34', '15']"
model162.csv,16,22,72.7,"['145', '234', '125', '134', '25', '34']"
model169.csv,23,24,95.8,['125']
model291.csv,19,24,79.2,"['234', '134', '124', '34', '24']"
model165.csv,19,23,82.6,"['145', '125', '134', '25']"
model516.csv,21,27,77.8,"['234', '134', '123', '34', '24', '23']"
model459.csv,20,25,80.0,"['145', '125', '124', '15', '14']"
model422.csv,15,16,93.8,['145']
model167.csv,19,23,82.6,"['145', '134', '125', '34']"
model247.csv,19,23,82.6,"['125', '124', '25', '15']"
model350.csv,18,25,72.0,"['235', '145', '134', '124', '34', '15', '23']"
model174.csv,17,19,89.5,"['235', '15']"
model108.csv,14,20,70.0,"['235', '234', '125', '134', '25', '34']"
model326.csv,16,18,88.9,"['235', '15']"
model511.csv,18,27,66.7,"['235', '145', '234', '134', '45', '34', '24', '15', '23']"
model385.csv,19,23,82.6,"['235', '125', '25', '15']"
model372.csv,19,24,79.2,"['234', '125', '124', '25', '34']"
model226.csv,19,26,73.1,"['235', '145', '234', '34', '24', '15', '23']"
model209.csv,18,24,75.0,"['234', '134', '125', '34', '24', '23']"
model441.csv,17,19,89.5,"['235', '234']"
model119.csv,16,22,72.7,"['235', '135', '134', '125', '34', '15']"
model168.csv,23,24,95.8,['34']
model204.csv,18,24,75.0,"['145', '234', '134', '34', '24', '15']"
model189.csv,17,22,77.3,"['235', '125', '134', '25', '15']"
model113.csv,15,21,71.4,"['235', '234', '125', '134', '25', '34']"
model70.csv,17,19,89.5,"['145', '234']"
model15.csv,17,21,81.0,"['234', '125', '25', '34']"
model401.csv,17,25,68.0,"['145', '234', '134', '35', '34', '24', '15', '14']"
model317.csv,17,24,70.8,"['135', '234', '125', '124', '25', '34', '15']"
model225.csv,21,26,80.8,"['235', '135', '125', '15', '23']"
model211.csv,20,25,80.0,"['145', '135', '125', '15', '14']"
model483.csv,19,26,73.1,"['235', '135', '134', '35', '34', '15', '23']"
model360.csv,18,20,90.0,"['145', '15']"
model443.csv,18,20,90.0,"['235', '234']"
model417.csv,21,26,80.8,"['235', '135', '35', '15', '23']"
model431.csv,20,22,90.9,"['145', '134']"
model498.csv,20,27,74.1,"['145', '135', '134', '123', '34', '15', '14']"
model49.csv,18,22,81.8,"['135', '125', '25', '15']"
model383.csv,20,22,90.9,"['235', '25']"
model99.csv,21,24,87.5,"['234', '34', '24']"
model367.csv,19,23,82.6,"['145', '125', '134', '15']"
